yearid,source_type,fuel,pollutantid,pollutantname,sourcetypeid,fueltypeid,payload,inventory,activity,emission_factor,units
2024,Refuse Trucks,Gasoline,1,Total Gaseous Hydrocarbons,51,1,9,6585.67428,3976108.115,0.000184035,kg/ton-km 
2024,Refuse Trucks,Gasoline,2,Carbon Monoxide (CO),51,1,9,160108.6523,3976108.115,0.004474187,kg/ton-km 
2024,Refuse Trucks,Gasoline,3,Oxides of Nitrogen (NOx),51,1,9,13348.30915,3976108.115,0.000373014,kg/ton-km 
2024,Refuse Trucks,Gasoline,5,Methane (CH4),51,1,9,590.5229201,3976108.115,1.6502E-05,kg/ton-km 
2024,Refuse Trucks,Gasoline,6,Nitrous Oxide (N2O),51,1,9,243.8606299,3976108.115,6.81461E-06,kg/ton-km 
2024,Refuse Trucks,Gasoline,20,Benzene,51,1,9,133.0129346,3976108.115,3.71701E-06,kg/ton-km 
2024,Refuse Trucks,Gasoline,21,Ethanol,51,1,9,395.1443537,3976108.115,1.10422E-05,kg/ton-km 
2024,Refuse Trucks,Gasoline,24,"1,3-Butadiene",51,1,9,16.3378123,3976108.115,4.56555E-07,kg/ton-km 
2024,Refuse Trucks,Gasoline,25,Formaldehyde,51,1,9,47.79826254,3976108.115,1.33571E-06,kg/ton-km 
2024,Refuse Trucks,Gasoline,26,Acetaldehyde,51,1,9,41.96663077,3976108.115,1.17274E-06,kg/ton-km 
2024,Refuse Trucks,Gasoline,27,Acrolein,51,1,9,2.282455475,3976108.115,6.37825E-08,kg/ton-km 
2024,Refuse Trucks,Gasoline,30,Ammonia (NH3),51,1,9,883.6517771,3976108.115,2.46934E-05,kg/ton-km 
2024,Refuse Trucks,Gasoline,31,Sulfur Dioxide (SO2),51,1,9,25.18320274,3976108.115,7.03737E-07,kg/ton-km 
2024,Refuse Trucks,Gasoline,35,Nitrate (NO3),51,1,9,1.541949689,3976108.115,4.30893E-08,kg/ton-km 
2024,Refuse Trucks,Gasoline,36,Ammonium (NH4),51,1,9,14.63632199,3976108.115,4.09007E-07,kg/ton-km 
2024,Refuse Trucks,Gasoline,51,Chloride,51,1,9,0.550390188,3976108.115,1.53805E-08,kg/ton-km 
2024,Refuse Trucks,Gasoline,52,Sodium,51,1,9,0.206000815,3976108.115,5.75663E-09,kg/ton-km 
2024,Refuse Trucks,Gasoline,53,Potassium,51,1,9,0.447114245,3976108.115,1.24945E-08,kg/ton-km 
2024,Refuse Trucks,Gasoline,54,Magnesium,51,1,9,0.761071943,3976108.115,2.12679E-08,kg/ton-km 
2024,Refuse Trucks,Gasoline,55,Calcium,51,1,9,7.616463978,3976108.115,2.1284E-07,kg/ton-km 
2024,Refuse Trucks,Gasoline,56,Titanium,51,1,9,0.178845638,3976108.115,4.99779E-09,kg/ton-km 
2024,Refuse Trucks,Gasoline,57,Silicon,51,1,9,1.701291484,3976108.115,4.75421E-08,kg/ton-km 
2024,Refuse Trucks,Gasoline,58,Aluminum,51,1,9,1.701291484,3976108.115,4.75421E-08,kg/ton-km 
2024,Refuse Trucks,Gasoline,59,Iron,51,1,9,9.62957215,3976108.115,2.69095E-07,kg/ton-km 
2024,Refuse Trucks,Gasoline,66,Manganese Compounds,51,1,9,0.005288217,3976108.115,1.47778E-10,kg/ton-km 
2024,Refuse Trucks,Gasoline,79,Non-Methane Hydrocarbons,51,1,9,5995.147279,3976108.115,0.000167533,kg/ton-km 
2024,Refuse Trucks,Gasoline,87,Volatile Organic Compounds,51,1,9,6122.420679,3976108.115,0.000171089,kg/ton-km 
2024,Refuse Trucks,Gasoline,90,Atmospheric CO2,51,1,9,5306706.897,3976108.115,0.148294282,kg/ton-km 
2024,Refuse Trucks,Gasoline,91,Total Energy Consumption,51,1,9,69212.29933,3976108.115,0.001934116,MMBTU/ton-km 
2024,Refuse Trucks,Gasoline,98,CO2 Equivalent,51,1,9,5393947.518,3976108.115,0.150732195,kg/ton-km 
2024,Refuse Trucks,Gasoline,100,Primary Exhaust PM10  - Total,51,1,9,575.6269901,3976108.115,1.60857E-05,kg/ton-km 
2024,Refuse Trucks,Gasoline,106,Primary PM10 - Brakewear Particulate,51,1,9,157.5837442,3976108.115,4.40363E-06,kg/ton-km 
2024,Refuse Trucks,Gasoline,107,Primary PM10 - Tirewear Particulate,51,1,9,52.80830404,3976108.115,1.47571E-06,kg/ton-km 
2024,Refuse Trucks,Gasoline,110,Primary Exhaust PM2.5 - Total,51,1,9,509.2104944,3976108.115,1.42297E-05,kg/ton-km 
2024,Refuse Trucks,Gasoline,111,Organic Carbon,51,1,9,296.7026828,3976108.115,8.29126E-06,kg/ton-km 
2024,Refuse Trucks,Gasoline,112,Elemental Carbon,51,1,9,77.61830542,3976108.115,2.16902E-06,kg/ton-km 
2024,Refuse Trucks,Gasoline,115,Sulfate Particulate,51,1,9,12.31897205,3976108.115,3.4425E-07,kg/ton-km 
2024,Refuse Trucks,Gasoline,116,Primary PM2.5 - Brakewear Particulate,51,1,9,19.69796719,3976108.115,5.50454E-07,kg/ton-km 
2024,Refuse Trucks,Gasoline,117,Primary PM2.5 - Tirewear Particulate,51,1,9,7.921205638,3976108.115,2.21356E-07,kg/ton-km 
2024,Refuse Trucks,Gasoline,118,Composite - NonECPM,51,1,9,431.5923453,3976108.115,1.20607E-05,kg/ton-km 
2024,Refuse Trucks,Gasoline,119,H2O (aerosol),51,1,9,0,3976108.115,0,kg/ton-km 
2024,Refuse Trucks,Gasoline,121,CMAQ5.0 Unspeciated (PMOTHR),51,1,9,24.25970602,3976108.115,6.7793E-07,kg/ton-km 
2024,Refuse Trucks,Gasoline,122,Non-carbon Organic Matter (NCOM),51,1,9,59.34063786,3976108.115,1.65826E-06,kg/ton-km 
2024,Refuse Trucks,Gasoline,123,Total Organic Matter (TOM),51,1,9,356.0433523,3976108.115,9.94952E-06,kg/ton-km 
2024,Refuse Trucks,Gasoline,124,Residual PM (NonECNonSO4NonOM),51,1,9,63.23000103,3976108.115,1.76694E-06,kg/ton-km 
2024,Refuse Trucks,Diesel,1,Total Gaseous Hydrocarbons,51,2,9,299010.5311,1097213840,3.02798E-05,kg/ton-km 
2024,Refuse Trucks,Diesel,2,Carbon Monoxide (CO),51,2,9,2474259.469,1097213840,0.00025056,kg/ton-km 
2024,Refuse Trucks,Diesel,3,Oxides of Nitrogen (NOx),51,2,9,5227257.938,1097213840,0.000529347,kg/ton-km 
2024,Refuse Trucks,Diesel,5,Methane (CH4),51,2,9,34352.07353,1097213840,3.47872E-06,kg/ton-km 
2024,Refuse Trucks,Diesel,6,Nitrous Oxide (N2O),51,2,9,216756.5638,1097213840,2.19502E-05,kg/ton-km 
2024,Refuse Trucks,Diesel,20,Benzene,51,2,9,1520.664811,1097213840,1.53993E-07,kg/ton-km 
2024,Refuse Trucks,Diesel,24,"1,3-Butadiene",51,2,9,503.444975,1097213840,5.09822E-08,kg/ton-km 
2024,Refuse Trucks,Diesel,25,Formaldehyde,51,2,9,17841.22169,1097213840,1.80672E-06,kg/ton-km 
2024,Refuse Trucks,Diesel,26,Acetaldehyde,51,2,9,9059.62077,1097213840,9.17437E-07,kg/ton-km 
2024,Refuse Trucks,Diesel,27,Acrolein,51,2,9,1442.72905,1097213840,1.461E-07,kg/ton-km 
2024,Refuse Trucks,Diesel,30,Ammonia (NH3),51,2,9,86836.16645,1097213840,8.7936E-06,kg/ton-km 
2024,Refuse Trucks,Diesel,31,Sulfur Dioxide (SO2),51,2,9,6366.890691,1097213840,6.44753E-07,kg/ton-km 
2024,Refuse Trucks,Diesel,35,Nitrate (NO3),51,2,9,411.8563831,1097213840,4.17073E-08,kg/ton-km 
2024,Refuse Trucks,Diesel,36,Ammonium (NH4),51,2,9,816.7465561,1097213840,8.27091E-08,kg/ton-km 
2024,Refuse Trucks,Diesel,51,Chloride,51,2,9,294.9344216,1097213840,2.9867E-08,kg/ton-km 
2024,Refuse Trucks,Diesel,52,Sodium,51,2,9,163.2590308,1097213840,1.65327E-08,kg/ton-km 
2024,Refuse Trucks,Diesel,53,Potassium,51,2,9,48.7260281,1097213840,4.93432E-09,kg/ton-km 
2024,Refuse Trucks,Diesel,54,Magnesium,51,2,9,37.91567677,1097213840,3.83959E-09,kg/ton-km 
2024,Refuse Trucks,Diesel,55,Calcium,51,2,9,830.778934,1097213840,8.41302E-08,kg/ton-km 
2024,Refuse Trucks,Diesel,56,Titanium,51,2,9,21.14003196,1097213840,2.14078E-09,kg/ton-km 
2024,Refuse Trucks,Diesel,57,Silicon,51,2,9,505.6229587,1097213840,5.12027E-08,kg/ton-km 
2024,Refuse Trucks,Diesel,58,Aluminum,51,2,9,142.3581127,1097213840,1.44161E-08,kg/ton-km 
2024,Refuse Trucks,Diesel,59,Iron,51,2,9,345.5552246,1097213840,3.49932E-08,kg/ton-km 
2024,Refuse Trucks,Diesel,66,Manganese Compounds,51,2,9,1.348297582,1097213840,1.36538E-10,kg/ton-km 
2024,Refuse Trucks,Diesel,79,Non-Methane Hydrocarbons,51,2,9,264658.4562,1097213840,2.68011E-05,kg/ton-km 
2024,Refuse Trucks,Diesel,87,Volatile Organic Compounds,51,2,9,287713.7056,1097213840,2.91358E-05,kg/ton-km 
2024,Refuse Trucks,Diesel,90,Atmospheric CO2,51,2,9,1886393919,1097213840,0.191028692,kg/ton-km 
2024,Refuse Trucks,Diesel,91,Total Energy Consumption,51,2,9,24115947.77,1097213840,0.00244214,MMBTU/ton-km 
2024,Refuse Trucks,Diesel,98,CO2 Equivalent,51,2,9,1951803593,1097213840,0.197652507,kg/ton-km 
2024,Refuse Trucks,Diesel,100,Primary Exhaust PM10  - Total,51,2,9,133273.1985,1097213840,1.34961E-05,kg/ton-km 
2024,Refuse Trucks,Diesel,106,Primary PM10 - Brakewear Particulate,51,2,9,119170.132,1097213840,1.2068E-05,kg/ton-km 
2024,Refuse Trucks,Diesel,107,Primary PM10 - Tirewear Particulate,51,2,9,30077.51293,1097213840,3.04585E-06,kg/ton-km 
2024,Refuse Trucks,Diesel,110,Primary Exhaust PM2.5 - Total,51,2,9,122610.9618,1097213840,1.24164E-05,kg/ton-km 
2024,Refuse Trucks,Diesel,111,Organic Carbon,51,2,9,34986.57332,1097213840,3.54297E-06,kg/ton-km 
2024,Refuse Trucks,Diesel,112,Elemental Carbon,51,2,9,68028.63141,1097213840,6.88903E-06,kg/ton-km 
2024,Refuse Trucks,Diesel,115,Sulfate Particulate,51,2,9,6434.743325,1097213840,6.51625E-07,kg/ton-km 
2024,Refuse Trucks,Diesel,116,Primary PM2.5 - Brakewear Particulate,51,2,9,14896.26707,1097213840,1.50849E-06,kg/ton-km 
2024,Refuse Trucks,Diesel,117,Primary PM2.5 - Tirewear Particulate,51,2,9,4511.604483,1097213840,4.56875E-07,kg/ton-km 
2024,Refuse Trucks,Diesel,118,Composite - NonECPM,51,2,9,54582.32327,1097213840,5.52737E-06,kg/ton-km 
2024,Refuse Trucks,Diesel,119,H2O (aerosol),51,2,9,0,1097213840,0,kg/ton-km 
2024,Refuse Trucks,Diesel,121,CMAQ5.0 Unspeciated (PMOTHR),51,2,9,2544.796384,1097213840,2.57703E-07,kg/ton-km 
2024,Refuse Trucks,Diesel,122,Non-carbon Organic Matter (NCOM),51,2,9,6997.314096,1097213840,7.08594E-07,kg/ton-km 
2024,Refuse Trucks,Diesel,123,Total Organic Matter (TOM),51,2,9,41983.88917,1097213840,4.25157E-06,kg/ton-km 
2024,Refuse Trucks,Diesel,124,Residual PM (NonECNonSO4NonOM),51,2,9,6163.689483,1097213840,6.24176E-07,kg/ton-km 
2024,Refuse Trucks,Compressed Natural Gas (CNG),1,Total Gaseous Hydrocarbons,51,3,9,2507044.402,121090574.1,0.002300431,kg/ton-km 
2024,Refuse Trucks,Compressed Natural Gas (CNG),2,Carbon Monoxide (CO),51,3,9,3648665.003,121090574.1,0.003347967,kg/ton-km 
2024,Refuse Trucks,Compressed Natural Gas (CNG),3,Oxides of Nitrogen (NOx),51,3,9,135948.3601,121090574.1,0.000124744,kg/ton-km 
2024,Refuse Trucks,Compressed Natural Gas (CNG),5,Methane (CH4),51,3,9,2404255.399,121090574.1,0.002206113,kg/ton-km 
2024,Refuse Trucks,Compressed Natural Gas (CNG),6,Nitrous Oxide (N2O),51,3,9,11002.9382,121090574.1,1.00962E-05,kg/ton-km 
2024,Refuse Trucks,Compressed Natural Gas (CNG),20,Benzene,51,3,9,241.8518058,121090574.1,2.2192E-07,kg/ton-km 
2024,Refuse Trucks,Compressed Natural Gas (CNG),21,Ethanol,51,3,9,0,121090574.1,0,kg/ton-km 
2024,Refuse Trucks,Compressed Natural Gas (CNG),24,"1,3-Butadiene",51,3,9,0,121090574.1,0,kg/ton-km 
2024,Refuse Trucks,Compressed Natural Gas (CNG),25,Formaldehyde,51,3,9,15503.37096,121090574.1,1.42257E-05,kg/ton-km 
2024,Refuse Trucks,Compressed Natural Gas (CNG),26,Acetaldehyde,51,3,9,13161.32651,121090574.1,1.20767E-05,kg/ton-km 
2024,Refuse Trucks,Compressed Natural Gas (CNG),27,Acrolein,51,3,9,0,121090574.1,0,kg/ton-km 
2024,Refuse Trucks,Compressed Natural Gas (CNG),30,Ammonia (NH3),51,3,9,22561.93638,121090574.1,2.07025E-05,kg/ton-km 
2024,Refuse Trucks,Compressed Natural Gas (CNG),31,Sulfur Dioxide (SO2),51,3,9,1048.746206,121090574.1,9.62316E-07,kg/ton-km 
2024,Refuse Trucks,Compressed Natural Gas (CNG),35,Nitrate (NO3),51,3,9,0,121090574.1,0,kg/ton-km 
2024,Refuse Trucks,Compressed Natural Gas (CNG),36,Ammonium (NH4),51,3,9,0,121090574.1,0,kg/ton-km 
2024,Refuse Trucks,Compressed Natural Gas (CNG),51,Chloride,51,3,9,0,121090574.1,0,kg/ton-km 
2024,Refuse Trucks,Compressed Natural Gas (CNG),52,Sodium,51,3,9,0,121090574.1,0,kg/ton-km 
2024,Refuse Trucks,Compressed Natural Gas (CNG),53,Potassium,51,3,9,0,121090574.1,0,kg/ton-km 
2024,Refuse Trucks,Compressed Natural Gas (CNG),54,Magnesium,51,3,9,0,121090574.1,0,kg/ton-km 
2024,Refuse Trucks,Compressed Natural Gas (CNG),55,Calcium,51,3,9,3.856196959,121090574.1,3.5384E-09,kg/ton-km 
2024,Refuse Trucks,Compressed Natural Gas (CNG),56,Titanium,51,3,9,0,121090574.1,0,kg/ton-km 
2024,Refuse Trucks,Compressed Natural Gas (CNG),57,Silicon,51,3,9,5.141590722,121090574.1,4.71786E-09,kg/ton-km 
2024,Refuse Trucks,Compressed Natural Gas (CNG),58,Aluminum,51,3,9,7.712387007,121090574.1,7.07678E-09,kg/ton-km 
2024,Refuse Trucks,Compressed Natural Gas (CNG),59,Iron,51,3,9,2.142330911,121090574.1,1.96577E-09,kg/ton-km 
2024,Refuse Trucks,Compressed Natural Gas (CNG),66,Manganese Compounds,51,3,9,0.161050443,121090574.1,1.47778E-10,kg/ton-km 
2024,Refuse Trucks,Compressed Natural Gas (CNG),79,Non-Methane Hydrocarbons,51,3,9,102788.8196,121090574.1,9.43177E-05,kg/ton-km 
2024,Refuse Trucks,Compressed Natural Gas (CNG),87,Volatile Organic Compounds,51,3,9,95593.59548,121090574.1,8.77154E-05,kg/ton-km 
2024,Refuse Trucks,Compressed Natural Gas (CNG),90,Atmospheric CO2,51,3,9,198082591.7,121090574.1,0.181757969,kg/ton-km 
2024,Refuse Trucks,Compressed Natural Gas (CNG),91,Total Energy Consumption,51,3,9,3180339.574,121090574.1,0.002918238,MMBTU/ton-km 
2024,Refuse Trucks,Compressed Natural Gas (CNG),98,CO2 Equivalent,51,3,9,260684779.6,121090574.1,0.23920091,kg/ton-km 
2024,Refuse Trucks,Compressed Natural Gas (CNG),100,Primary Exhaust PM10  - Total,51,3,9,979.8834108,121090574.1,8.99128E-07,kg/ton-km 
2024,Refuse Trucks,Compressed Natural Gas (CNG),106,Primary PM10 - Brakewear Particulate,51,3,9,10724.71552,121090574.1,9.84086E-06,kg/ton-km 
2024,Refuse Trucks,Compressed Natural Gas (CNG),107,Primary PM10 - Tirewear Particulate,51,3,9,1996.051223,121090574.1,1.83155E-06,kg/ton-km 
2024,Refuse Trucks,Compressed Natural Gas (CNG),110,Primary Exhaust PM2.5 - Total,51,3,9,866.8236012,121090574.1,7.95386E-07,kg/ton-km 
2024,Refuse Trucks,Compressed Natural Gas (CNG),111,Organic Carbon,51,3,9,324.9586454,121090574.1,2.98178E-07,kg/ton-km 
2024,Refuse Trucks,Compressed Natural Gas (CNG),112,Elemental Carbon,51,3,9,95.63705399,121090574.1,8.77553E-08,kg/ton-km 
2024,Refuse Trucks,Compressed Natural Gas (CNG),115,Sulfate Particulate,51,3,9,8.997433467,121090574.1,8.25593E-09,kg/ton-km 
2024,Refuse Trucks,Compressed Natural Gas (CNG),116,Primary PM2.5 - Brakewear Particulate,51,3,9,1340.589404,121090574.1,1.23011E-06,kg/ton-km 
2024,Refuse Trucks,Compressed Natural Gas (CNG),117,Primary PM2.5 - Tirewear Particulate,51,3,9,299.4061889,121090574.1,2.74731E-07,kg/ton-km 
2024,Refuse Trucks,Compressed Natural Gas (CNG),118,Composite - NonECPM,51,3,9,771.1866324,121090574.1,7.07631E-07,kg/ton-km 
2024,Refuse Trucks,Compressed Natural Gas (CNG),119,H2O (aerosol),51,3,9,0,121090574.1,0,kg/ton-km 
2024,Refuse Trucks,Compressed Natural Gas (CNG),121,CMAQ5.0 Unspeciated (PMOTHR),51,3,9,353.3862799,121090574.1,3.24263E-07,kg/ton-km 
2024,Refuse Trucks,Compressed Natural Gas (CNG),122,Non-carbon Organic Matter (NCOM),51,3,9,64.9917255,121090574.1,5.96355E-08,kg/ton-km 
2024,Refuse Trucks,Compressed Natural Gas (CNG),123,Total Organic Matter (TOM),51,3,9,389.9503233,121090574.1,3.57813E-07,kg/ton-km 
2024,Refuse Trucks,Compressed Natural Gas (CNG),124,Residual PM (NonECNonSO4NonOM),51,3,9,372.2387964,121090574.1,3.41561E-07,kg/ton-km 
2024,Refuse Trucks,Electricity,90,Atmospheric CO2,51,9,9,0,1546277.904,0,kg/ton-km 
2024,Refuse Trucks,Electricity,91,Total Energy Consumption,51,9,9,14427.10954,1546277.904,0.001036691,MMBTU/ton-km 
2024,Refuse Trucks,Electricity,98,CO2 Equivalent,51,9,9,0,1546277.904,0,kg/ton-km 
2024,Refuse Trucks,Electricity,106,Primary PM10 - Brakewear Particulate,51,9,9,175.9343238,1546277.904,1.26421E-05,kg/ton-km 
2024,Refuse Trucks,Electricity,107,Primary PM10 - Tirewear Particulate,51,9,9,45.16119934,1546277.904,3.24515E-06,kg/ton-km 
2024,Refuse Trucks,Electricity,116,Primary PM2.5 - Brakewear Particulate,51,9,9,21.99179135,1546277.904,1.58027E-06,kg/ton-km 
2024,Refuse Trucks,Electricity,117,Primary PM2.5 - Tirewear Particulate,51,9,9,6.774145788,1546277.904,4.86771E-07,kg/ton-km 
